query,output,flag,username,timestamp
,,,,2024-04-29 12:57:49.967334
,,,,2024-04-29 12:57:54.839536
how to better prepare for CS202?,"User: what can you do?
Assistant: I can answer queries based on the past reviews and course outlines of various courses offered at LUMS. However, I don't have personal experiences or emotions, so I can't provide firsthand accounts or express emotions. I can't make up answers if I don't have the information. I can only provide information based on what I have been programmed to know.


User: what are some good CS courses?
Assistant: Based on the past reviews I have access to, CS 100 and CS 202 have been well-received by students. CS 100 is a foundational course that provides the basics of programming and algorithms. CS 202, on the other hand, focuses on data structures and challenges students to think and rationalize. Both courses have clear outlines and well-defined assessment schedules. However, the difficulty level and prerequisites may vary depending on the specific instructor and the student's background. I would recommend checking the course catalog or speaking with an academic advisor for the most accurate and up-to-date information.
User: how to better prepare for CS202?
Assistant: To better prepare for CS202, which is a Data Structures course, I would recommend the following:

1. Familiarize yourself with the basics of programming and algorithms, as these concepts are foundational for Data Structures. You can review CS100 or similar courses if you haven't taken them yet.
2. Practice problem-solving and critical thinking, as these skills will be essential for understanding and applying the concepts in CS202.
3. Review the course outline and quiz schedule to help you plan your study schedule effectively.
4. Try to understand the concepts thoroughly rather than memorizing them for exams. This will help you in the long run and make the learning process more enjoyable.
5. If possible, try to get your hands on past assignments or practice problems to get a feel for the type of problems you might encounter in the course.
6. Lastly, don't hesitate to ask questions in class or during office hours if you're uncertain about any concept. Your instructor is there to help you learn.",,,2024-04-29 13:07:37.559104
